Players,Real time,In-game time,Sub Version,Difficulty,F3,Mods,Date,Player
FeinbergFeinberg,5m 42s 117ms,5m 40s 250ms,1.16,1.16.1,Easy,F3,2021-05-19,Feinberg
nieuhnieuh,6m 48s 267ms,6m 36s 067ms,1.16,1.16.1,Easy,F3,2021-05-18,nieuh
kieleckielec,6m 49s 433ms,6m 44s 600ms,1.16,1.16.1,Easy,F3,2021-05-16,kielec
natemeisternatemeister,6m 53s 667ms,6m 46s 217ms,1.16,1.16.1,Easy,F3,2021-05-23,natemeister
SpecnrSpecnr,7m 05s 467ms,6m 57s 367ms,1.16,1.16.1,Easy,F3,2021-05-12,Specnr
knauknau,7m 11s 350ms,7m 07s 683ms,1.16,1.16.1,Easy,F3,2021-05-20,knau
Colin_HenryColin_Henry,7m 25s 900ms,7m 14s 450ms,1.16,1.16.1,Easy,F3,2021-05-17,Colin_Henry
nEmeraldnEmerald,7m 32s 800ms,7m 23s 767ms,1.16,1.16.1,Normal,F3,2021-04-03,nEmerald
SproplSpropl,7m 34s 300ms,7m 30s 633ms,1.16,1.16.1,Easy,F3,2021-05-24,Spropl
Danger1451Danger1451,7m 51s 233ms,7m 48s 133ms,1.16,1.16.1,Normal,F3,2021-05-16,Danger1451
AcilithAcilith,7m 57s 183ms,7m 55s 317ms,1.16,1.16.1,Easy,F3,2021-04-18,Acilith
ChezzyNachosChezzyNachos,8m 00s 167ms,7m 58s 367ms,1.16,1.16.1,Easy,F3,2021-05-15,ChezzyNachos
TomegxxTomegxx,8m 18s 330ms,8m 01s 550ms,1.16,1.16.1,Easy,F3,2021-05-17,Tomegxx
Markieboy257Markieboy257,8m 10s 517ms,8m 08s 500ms,1.16,1.16.1,Easy,F3,2021-05-12,Markieboy257
KrereyKrerey,10m 09s 898ms,8m 17s 400ms,1.16,1.16.1,Easy,F3,2021-05-15,Krerey
NitroBSNitroBS,8m 25s 650ms,8m 23s 100ms,1.16,1.16.1,Easy,F3,2021-05-18,NitroBS
tssaltssal,8m 43s 406ms,8m 23s 850ms,1.16,1.16.1,Easy,F3,2021-05-25,tssal
ethwitethwit,8m 27s 433ms,8m 26s 067ms,1.16,1.16.1,Easy,F3,2021-05-21,ethwit
KEYL000KEYL000,8m 47s 900ms,8m 26s 350ms,1.0,1.16.1,Easy,F3,2021-05-15,KEYL000
acembuacembu,8m 28s 610ms,8m 26s 500ms,1.16,1.16.1,Easy,F3,2021-05-16,acembu
TobiasTheManTobiasTheMan,8m 30s 200ms,8m 27s 283ms,1.16,1.16.1,Easy,F3,2021-04-10,TobiasTheMan
LicenceplateLicenceplate,8m 39s 900ms,8m 36s 733ms,1.16,1.16.1,Easy,F3,2021-04-10,Licenceplate
3sv43sv4,8m 40s,8m 38s 100ms,1.16,1.16.1,Easy,F3,2021-05-23,3sv4
CroProYTCroProYT,8m 43s 420ms,8m 40s 050ms,1.16,1.16.1,Normal,F3,2021-04-11,CroProYT
TheMonst3RPGTheMonst3RPG,8m 45s 167ms,8m 43s 133ms,1.16,1.16.1,Easy,F3,2021-05-13,TheMonst3RPG
EdTheSurvivorEdTheSurvivor,8m 56s 600ms,8m 49s 533ms,1.16,1.16.1,Easy,F3,2021-05-18,EdTheSurvivor
tiinsytiinsy,8m 58s 680ms,8m 52s 050ms,1.16,1.16.1,Easy,F3,2021-05-25,tiinsy
kk,8m 57s 867ms,8m 53s 867ms,1.16,1.16.1,Easy,F3,2021-05-28,k
MaxiM974MaxiM974,9m 11s 783ms,8m 56s 133ms,1.16,1.16.1,Easy,F3,2021-05-15,MaxiM974
TheeSizzlerTheeSizzler,9m 02s 710ms,8m 59s 233ms,1.16,1.16.1,Easy,F3,2021-03-15,TheeSizzler
noodlemanhoursnoodlemanhours,9m 01s 300ms,8m 59s 500ms,1.16,1.16.1,Easy,F3,2021-05-06,noodlemanhours
jamieeejamieee,9m 00s 867ms,8m 59s 600ms,1.16,1.16.1,Easy,F3,2021-04-01,jamieee
Kha0xKha0x,9m 02s 467ms,8m 59s 600ms,1.16,1.16.1,Easy,F3,2021-05-13,Kha0x
aymericpierre29aymericpierre29,9m 06s 620ms,8m 59s 650ms,1.16,1.16.1,Easy,F3,2021-05-17,aymericpierre29
MelonademanMelonademan,9m 06s 660ms,9m 01s 600ms,1.16,1.16.1,Easy,F3,2021-05-19,Melonademan
Ax3rothAx3roth,9m 16s 450ms,9m 03s 450ms,1.16,1.16.1,Easy,F3,2021-05-21,Ax3roth
edgymanedgyman,9m 12s 404ms,9m 05s 400ms,1.16,1.16.1,Easy,F3,2021-05-25,edgyman
DesktopFolderDesktopFolder,9m 11s 833ms,9m 08s 767ms,1.16,1.16.1,Easy,F3,2021-05-15,DesktopFolder
LextigLextig,9m 11s 767ms,9m 09s 733ms,1.16,1.16.1,Normal,F3,2021-05-18,Lextig
SunOmegaSunOmega,9m 16s 500ms,9m 13s 367ms,1.16,1.16.1,Easy,F3,2021-05-18,SunOmega
MashedPotatoes21MashedPotatoes21,9m 20s 300ms,9m 15s 800ms,1.16,1.16.1,Easy,F3,2021-05-04,MashedPotatoes21
BoscarvidiosBoscarvidios,9m 16s 470ms,9m 16s 300ms,1.16,1.16.1,Easy,F3,2021-05-25,Boscarvidios
NBALVARONBALVARO,9m 19s 200ms,9m 17s 733ms,1.16,1.16.1,Easy,F3,2021-04-18,NBALVARO
QdzQdz,9m 19s 059ms,9m 19s 045ms,1.16,1.16.1,Normal,F3,2021-05-23,Qdz
LowkeyTMLowkeyTM,9m 24s 667ms,9m 22s 767ms,1.16,1.16.1,Normal,F3,2021-05-08,LowkeyTM
Jakers_42Jakers_42,9m 33s 500ms,9m 22s 850ms,1.16,1.16.1,Easy,F3,2021-05-22,Jakers_42
MrBenjamin25MrBenjamin25,9m 25s 700ms,9m 23s 250ms,1.16,1.16.1,Easy,F3,2021-05-15,MrBenjamin25
JoglinJoglin,9m 32s 820ms,9m 31s 650ms,1.16,1.16.1,Easy,F3,2021-05-23,Joglin
tweeditweedi,9m 38s 650ms,9m 33s 350ms,1.16,1.16.1,Easy,F3,2021-05-21,tweedi
SlackowSlackow,9m 35s 383ms,9m 34s 017ms,1.16,1.16.1,Easy,F3,2021-05-11,Slackow
unfriedunfried,9m 37s 841ms,9m 36s 800ms,1.16,1.16.1,Easy,F3,2021-05-21,unfried
StarCrashStarCrash,9m 50s 760ms,9m 37s 700ms,1.16,1.16.1,Easy,F3,2021-05-24,StarCrash
RedrassRedrass,9m 48s 900ms,9m 41s 783ms,1.16,1.16.1,Easy,F3,2021-05-12,Redrass
NiceTwiceNiceTwice,9m 44s 600ms,9m 42s 617ms,1.16,1.16.1,Normal,F3,2021-04-06,NiceTwice
DawidlunaDawidluna,9m 50s 700ms,9m 46s 500ms,1.16,1.16.1,Easy,F3,2021-04-17,Dawidluna
ChreymdChreymd,9m 48s 660ms,9m 46s 650ms,1.16,1.16.1,Easy,F3,2021-05-26,Chreymd
Shell_GuyShell_Guy,9m 53s 110ms,9m 47s 800ms,1.16,1.16.1,Easy,F3,2021-04-05,Shell_Guy
MinecrAvengerMinecrAvenger,9m 54s 817ms,9m 52s 483ms,1.16,1.16.1,Normal,F3,2021-03-28,MinecrAvenger
AndrewCrowAndrewCrow,9m 56s 733ms,9m 54s 333ms,1.16,1.16.1,Normal,F3,2021-03-24,AndrewCrow
Aspect30Aspect30,9m 56s 030ms,9m 55s 950ms,1.16,1.16.1,Normal,F3,2021-03-11,Aspect30
XrrerXrrer,10m 01s 900ms,9m 56s 233ms,1.16,1.16.1,Easy,F3,2021-05-11,Xrrer
CosidionCosidion,10m 08s 200ms,9m 57s 100ms,1.16,1.16.1,Normal,F3,2021-05-14,Cosidion
SirEthan27SirEthan27,9m 59s 967ms,9m 57s 733ms,1.16,1.16.1,Easy,F3,2021-04-11,SirEthan27
LavionLavion,10m 04s 000ms,10m 03s 000ms,1.16,1.16.1,Easy,F3,2021-06-10,Lavion
YumGamingYumGaming,10m 15s 183ms,10m 05s 833ms,1.16,1.16.1,Easy,F3,2021-04-11,YumGaming
EntropyEntropy,10m 09s 770ms,10m 08s 400ms,1.16,1.16.1,Easy,F3,2021-05-19,Entropy
jefspacemanjefspaceman,10m 19s 780ms,10m 12s 100ms,1.16,1.16.1,Easy,F3,2021-05-17,jefspaceman
AshresAshres,10m 14s 033ms,10m 12s 267ms,1.16,1.16.1,Easy,F3,2021-04-28,Ashres
xTremeBot92xTremeBot92,10m 26s 283ms,10m 13s 050ms,1.16,1.16.1,Easy,F3,2021-05-25,xTremeBot92
SpeedNintendoSpeedNintendo,10m 25s 140ms,10m 17s 867ms,1.16,1.16.1,Easy,F3,2021-04-02,SpeedNintendo
BillCanadaCLBillCanadaCL,10m 28s 770ms,10m 18s 500ms,1.16,1.16.1,Easy,F3,2021-05-18,BillCanadaCL
G_WolleG_Wolle,10m 20s 045ms,10m 20s 010ms,1.16,1.16.1,Easy,F3,2021-06-15,G_Wolle
TrizekTrizek,10m 30s 800ms,10m 20s 300ms,1.16,1.16.1,Easy,F3,2021-04-28,Trizek
owzyowzy,10m 38s 433ms,10m 21s 800ms,1.16,1.16.1,Easy,F3,2021-03-22,owzy
LasseSilenceLasseSilence,10m 15s,10m 24s,1.16,1.16.1,Easy,F3,2021-05-26,LasseSilence
rjlmaorjlmao,10m 44s 002ms,10m 24s 025ms,1.16,1.16.1,Normal,F3,2021-05-23,rjlmao
GunajiGunaji,12m 12s 099ms,10m 24s 055ms,1.16,1.16.1,Easy,F3,2021-06-15,Gunaji
n1torinn1torin,10m 30s 044ms,10m 28s 025ms,1.16,1.16.1,Easy,F3,2021-05-24,n1torin
switchwastakenswitchwastaken,10m 33s,10m 29s,1.16,1.16.1,Easy,F3,2021-06-08,switchwastaken
ZarratixZarratix,10m 28s 880ms,10m 29s 050ms,1.16,1.16.1,Easy,F3,2021-06-10,Zarratix
EvanKayEvanKay,10m 36s 333ms,10m 31s 700ms,1.16,1.16.1,Easy,F3,2021-03-24,EvanKay
ch3ttch3tt,10m 44s,10m 32s,1.16,1.16.1,Easy,F3,2021-05-23,ch3tt
zodiAczodiAc,10m 31s 390ms,10m 32s 250ms,1.0,1.16.1,Normal,F3,2021-05-29,zodiAc
Igno_CIgno_C,10m 35s 700ms,10m 32s 900ms,1.16,1.16.1,Normal,F3,2021-04-10,Igno_C
BlomboBlombo,10m 35s 700ms,10m 33s 167ms,1.16,1.16.1,Easy,F3,2021-05-17,Blombo
sockmonkey747sockmonkey747,10m 33s 730ms,10m 34s,1.16,1.16.1,Easy,F3,2021-05-29,sockmonkey747
QuacklebQuackleb,11m 17s 683ms,10m 34s 917ms,1.16,1.16.1,Easy,F3,2021-05-11,Quackleb
maiaxomaiaxo,10m 32s 440ms,10m 35s,1.16,1.16.1,Easy,F3,2021-05-08,maiaxo
HYTASSHYTASS,10m 43s 078ms,10m 35s 020ms,1.0,1.16.1,Easy,F3,2021-06-05,HYTASS
Stratum7Stratum7,10m 40s 340ms,10m 36s 600ms,1.16,1.16.1,Easy,F3,2021-05-26,Stratum7
ZodiZodi,10m 40s 073ms,10m 40s 085ms,1.0,1.16.1,Easy,F3,2021-05-23,Zodi
GafraHaleyGafraHaley,10m 41s 006ms,10m 41s 025ms,1.16,1.16.1,Easy,F3,2021-06-13,GafraHaley
TrashPanda70TrashPanda70,10m 52s 073ms,10m 44s 045ms,1.16,1.16.1,Normal,F3,2021-05-22,TrashPanda70
daeviidaevii,10m 47s 700ms,10m 45s 733ms,1.16,1.16.1,Easy,F3,2021-04-27,daevii
GDBennyGDBenny,10m 48s 967ms,10m 46s 133ms,1.16,1.16.1,Easy,F3,2021-04-18,GDBenny
DanningzDanningz,10m 48s,10m 48s,1.16,1.16.1,Easy,F3,2021-06-16,Danningz
HawkeyePizzaHawkeyePizza,11m 00s 170ms,10m 48s 600ms,1.16,1.16.1,Easy,F3,2021-05-16,HawkeyePizza
GrregorGrregor,10m 50s 567ms,10m 49s 167ms,1.16,1.16.1,Easy,F3,2021-05-15,Grregor
CJG543CJG543,10m 52s 039ms,10m 51s,1.16,1.16.1,Easy,F3,2021-05-22,CJG543
defashdefash,11m 00s,10m 52s 095ms,1.16,1.16.1,Easy,F3,2021-05-22,defash
iRzeriRzer,10m 56s 317ms,10m 52s 700ms,1.16,1.16.1,Easy,F3,2021-04-16,iRzer
aduuxaduux,10m 53s 045ms,10m 54s 085ms,1.16,1.16.1,Normal,F3,2021-05-26,aduux
lh-yousalh-yousa,11m 02s 550ms,10m 56s 450ms,1.16,1.16.1,Easy,F3,2021-06-05,lh-yousa
megelispeedrun1megelispeedrun1,11m 01s 533ms,10m 58s,1.16,1.16.1,Easy,F3,2021-03-30,megelispeedrun1
XxXSzymixXxXXxXSzymixXxX,11m 09s 066ms,10m 58s 005ms,1.16,1.16.1,Easy,F3,2021-06-02,XxXSzymixXxX
ToXicFl0wToXicFl0w,11m 03s 500ms,11m 01s 533ms,1.16,1.16.1,Normal,F3,2021-03-13,ToXicFl0w
MultiPorlMultiPorl,11m 05s,11m 01s 600ms,1.16,1.16.1,Normal,F3,2021-03-16,MultiPorl
Gnarly_CavemanGnarly_Caveman,11m 06s 530ms,11m 01s 900ms,1.16,1.16.1,Easy,F3,2021-05-16,Gnarly_Caveman
NA5AThRiLzNA5AThRiLz,11m 04s 500ms,11m 02s 867ms,1.16,1.16.1,Easy,F3,2021-04-13,NA5AThRiLz
ZacklessZackless,11m 10s 810ms,11m 04s 200ms,1.16,1.16.1,Easy,F3,2021-05-02,Zackless
dqnsdqns,11m 26s 830ms,11m 04s 850ms,1.16,1.16.1,Easy,F3,2021-04-27,dqns
MehmoTheRealMehmoTheReal,11m 21s 340ms,11m 07s 750ms,1.16,1.16.1,Easy,F3,2021-05-29,MehmoTheReal
whatshisbucketwhatshisbucket,11m 15s 740ms,11m 08s 250ms,1.16,1.16.1,Easy,F3,2021-05-04,whatshisbucket
jaybodhajaybodha,11m 12s,11m 09s 350ms,1.16,1.16.1,Easy,F3,2021-04-20,jaybodha
ZinkiumZinkium,11m 11s,11m 10s,1.16,1.16.1,Easy,F3,2021-05-06,Zinkium
rdpiilrdpiil,11m 14s 267ms,11m 11s 667ms,1.16,1.16.1,Easy,F3,2021-05-16,rdpiil
QueenAlyxQueenAlyx,11m 27s 283ms,11m 13s 200ms,1.16,1.16.1,Easy,F3,2021-05-05,QueenAlyx
incentivemanincentiveman,11m 15s 062ms,11m 15s 062ms,1.16,1.16.1,Easy,F3,2021-06-15,incentiveman
Burning_ShadeBurning_Shade,11m 18s 150ms,11m 15s 900ms,1.16,1.16.1,Easy,F3,2021-05-03,Burning_Shade
Dady_2wonders_30Dady_2wonders_30,11m 30s 490ms,11m 17s 450ms,1.16,1.16.1,Easy,F3,2021-06-02,Dady_2wonders_30
NoseQNoseQ,12m 05s 930ms,11m 18s 100ms,1.16,1.16.1,Normal,F3,2021-05-15,NoseQ
danxnikkkdanxnikkk,11m 22s 070ms,11m 19s 300ms,1.16,1.16.1,Easy,F3,2021-05-03,danxnikkk
LordOfDarknessLordOfDarkness,11m 48s 460ms,11m 19s 300ms,1.16,1.16.1,Easy,F3,2021-05-16,LordOfDarkness
JBCBOSSJBCBOSS,11m 23s 233ms,11m 20s 233ms,1.16,1.16.1,Easy,F3,2021-04-19,JBCBOSS
ScufScuf,11m 22s 200ms,11m 20s 533ms,1.16,1.16.1,Easy,F3,2021-05-16,Scuf
Mo_buildingMo_building,11m 48s 750ms,11m 21s,1.16,1.16.1,Easy,F3,2021-05-02,Mo_building
retropogretropog,11m 40s 667ms,11m 21s 233ms,1.16,1.16.1,Easy,F3,2021-04-05,retropog
TwitchyQLTwitchyQL,11m 26s 583ms,11m 24s 333ms,1.16,1.16.1,Easy,F3,2021-04-19,TwitchyQL
BepezeBepeze,11m 53s 910ms,11m 24s 450ms,1.16,1.16.1,Easy,F3,2021-05-23,Bepeze
BigPhatFunBigPhatFun,11m 40s 085ms,11m 26s 819ms,1.16,1.16.1,Easy,F3,2021-06-13,BigPhatFun
suniHDsuniHD,11m 52s 040ms,11m 27s 150ms,1.16,1.16.1,Easy,F3,2021-04-03,suniHD
sergietesansergietesan,11m 31s 867ms,11m 28s 500ms,1.16,1.16.1,Easy,F3,2021-03-20,sergietesan
ALoafOfBread_ALoafOfBread_,11m 41s,11m 30s,1.16,1.16.1,Easy,F3,2021-05-23,ALoafOfBread_
BrybanzBrybanz,11m 53s 860ms,11m 31s 900ms,1.16,1.16.1,Easy,F3,2021-04-21,Brybanz
TropicNATropicNA,11m 35s 006ms,11m 32s 025ms,1.16,1.16.1,Easy,F3,2021-05-24,TropicNA
TooMoreOwTooMoreOw,12m 02s 860ms,11m 33s 100ms,1.16,1.16.1,Normal,F3,2021-05-24,TooMoreOw
TheGreatKingDaanTheGreatKingDaan,11m 35s 400ms,11m 33s 400ms,1.0,1.16.1,Easy,F3,2021-05-22,TheGreatKingDaan
itz_tophinatoritz_tophinator,11m 43s 030ms,11m 33s 400ms,1.16,1.16.1,Easy,F3,2021-06-05,itz_tophinator
queenkacqueenkac,11m 30s 744ms,11m 33s 450ms,1.16,1.16.1,Easy,F3,2021-04-23,queenkac
ColooguyColooguy,11m 38s 933ms,11m 33s 900ms,1.16,1.16.1,Easy,F3,2021-03-29,Colooguy
w7or3w7or3,11m 34s 500ms,11m 34s,1.16,1.16.1,Easy,F3,2021-06-11,w7or3
NkekevNkekev,11m 44s 670ms,11m 34s 400ms,1.16,1.16.1,Easy,F3,2021-06-09,Nkekev
connorjayrconnorjayr,11m 35s 500ms,11m 35s 500ms,1.16,1.16.1,Easy,F3,2021-05-03,connorjayr
JaqqJaqq,11m 47s 089ms,11m 37s 015ms,1.16,1.16.1,Easy,F3,2021-05-14,Jaqq
TsoooTsooo,11m 41s 043ms,11m 38s 085ms,1.16,1.16.1,Easy,F3,2021-06-12,Tsooo
HydroMaceHydroMace,11m 39s 933ms,11m 38s 550ms,1.16,1.16.1,Easy,F3,2021-04-05,HydroMace
AndoggAndogg,11m 39s,11m 39s,1.16,1.16.1,Normal,F3,2021-06-09,Andogg
Ezmoney314Ezmoney314,11m 46s 633ms,11m 39s 150ms,1.16,1.16.1,Easy,F3,2021-04-29,Ezmoney314
DomMartiinDomMartiin,11m 50s 760ms,11m 39s 600ms,1.16,1.16.1,Easy,F3,2021-06-07,DomMartiin
TookannTookann,11m 45s 760ms,11m 43s 650ms,1.16,1.16.1,Normal,F3,2021-02-19,Tookann
AniteryAnitery,11m 51s 860ms,11m 45s 250ms,1.16,1.16.1,Hardcore,No F3,2021-05-21,Anitery
zweisteinzweistein,11m 48s,11m 46s,1.0,1.16.1,Easy,No F3,2021-05-22,zweistein
CacoleteCacolete,11m 51s 076ms,11m 49s 095ms,1.16,1.16.1,Easy,F3,2021-05-20,Cacolete
ChrisXDChrisXD,12m 06s 133ms,11m 55s 067ms,1.16,1.16.1,Normal,F3,2021-04-10,ChrisXD
DawenikDawenik,12m 28s 850ms,11m 56s 200ms,1.16,1.16.1,Easy,F3,2021-05-06,Dawenik
masterwyattmasterwyatt,12m 01s 013ms,11m 57s 015ms,1.16,1.16.1,Easy,F3,2021-05-31,masterwyatt
thecamo6thecamo6,12m 27s,11m 57s 200ms,1.16,1.16.1,Easy,F3,2021-05-16,thecamo6
sl1drsl1dr,11m 59s 400ms,11m 59s 400ms,1.16,1.16.1,Easy,F3,2021-04-01,sl1dr
temettemet,12m 06s 070ms,12m 00s 150ms,1.0,1.16.1,Easy,No F3,2021-05-18,temet
freshAvocadosfreshAvocados,12m 01s 057ms,12m 01s 010ms,1.16,1.16.1,Normal,No F3,2021-06-17,freshAvocados
pixfumypixfumy,12m 04s 000ms,12m 01s 000ms,1.16,1.16.1,Easy,F3,2021-04-17,pixfumy
_F4b__F4b_,13m 40s 340ms,12m 01s 750ms,1.16,1.16.1,Easy,F3,2021-04-23,_F4b_
plrplr,14m 50s 767ms,12m 02s 600ms,1.16,1.16.1,Easy,F3,2021-03-18,plr
ShogurtShogurt,12m 10s 933ms,12m 04s 267ms,1.16,1.16.1,Easy,F3,2021-04-17,Shogurt
MauvyMauvy,12m 11s,12m 10s 080ms,1.16,1.16.1,Easy,F3,2021-05-31,Mauvy
WeirdoElWeirdoEl,12m 18s 005ms,12m 11s 050ms,1.16,1.16.1,Easy,F3,2021-06-10,WeirdoEl
90Tom90Tom,12m 14s 059ms,12m 12s 005ms,1.16,1.16.1,Normal,F3,2021-06-15,90Tom
fxrefxre,12m 26s 820ms,12m 12s 750ms,1.16,1.16.1,Easy,F3,2021-05-15,fxre
MarlinMarlin,12m 16s 690ms,12m 14s 350ms,1.16,1.16.1,Easy,F3,2021-03-19,Marlin
Plyers8Plyers8,12m 22s 117ms,12m 16s 833ms,1.16,1.16.1,Easy,F3,2021-04-23,Plyers8
RusiiiRusiii,12m 22s 003ms,12m 19s 045ms,1.16,1.16.1,Easy,F3,2021-06-04,Rusiii
itsdxrkitsdxrk,12m 39s 940ms,12m 19s 600ms,1.16,1.16.1,Normal,F3,2021-05-04,itsdxrk
MorniSlevaMorniSleva,13m 01s 220ms,12m 20s 450ms,1.16,1.16.1,Easy,F3,2021-04-27,MorniSleva
eedueedu,12m 23s,12m 21s 350ms,1.16,1.16.1,Easy,F3,2021-04-03,eedu
TerrorLSTerrorLS,12m 32s 590ms,12m 24s 350ms,1.16,1.16.1,Easy,F3,2021-05-22,TerrorLS
TrozIsGamerTrozIsGamer,12m 37s 767ms,12m 25s 333ms,1.16,1.16.1,Easy,F3,2021-03-31,TrozIsGamer
GrongGrongGrongGrong,12m 41s 190ms,12m 30s 900ms,1.16,1.16.1,Easy,F3,2021-04-12,GrongGrong
McTurtlzMcTurtlz,12m 40s 038ms,12m 32s 045ms,1.16,1.16.1,Easy,F3,2021-06-17,McTurtlz
GainAimGainAim,12m 33s 340ms,12m 32s 700ms,1.16,1.16.1,Easy,F3,2021-05-27,GainAim
KingofthabearsKingofthabears,12m 55s 770ms,12m 33s,1.0,1.16.1,Easy,F3,2021-06-16,Kingofthabears
ShardanaaShardanaa,12m 33s 250ms,12m 33s 140ms,1.16,1.16.1,Easy,F3,2021-04-28,Shardanaa
xShazxShaz,13m 54s 048ms,12m 36s 050ms,1.16,1.16.1,Easy,F3,2021-05-28,xShaz
LucoLuco,12m 49s,12m 39s,1.16,1.16.1,Easy,F3,2021-05-16,Luco
BOLE030BOLE030,12m 47s 050ms,12m 41s 100ms,1.16,1.16.1,Easy,F3,2021-06-08,BOLE030
DariusFTWDariusFTW,12m 44s 117ms,12m 41s 150ms,1.16,1.16.1,Easy,F3,2021-04-15,DariusFTW
IsaacLewisSIsaacLewisS,12m 44s 767ms,12m 41s 817ms,1.16,1.16.1,Easy,F3,2021-04-27,IsaacLewisS
KunaxeKunaxe,13m 04s 433ms,12m 42s 833ms,1.16,1.16.1,Easy,F3,2021-03-18,Kunaxe
PanFilipCos_PanFilipCos_,13m 00s 013ms,12m 43s 005ms,1.16,1.16.1,Easy,F3,2021-06-09,PanFilipCos_
Baron_2333Baron_2333,12m 45s 000ms,12m 44s 000ms,1.16,1.16.1,Easy,F3,2021-06-06,Baron_2333
rekt_solar_beamrekt_solar_beam,12m 54s 530ms,12m 44s 967ms,1.16,1.16.1,Easy,F3,2021-05-22,rekt_solar_beam
arvinarvin,12m 55s 600ms,12m 47s 666ms,1.16,1.16.1,Easy,F3,2021-04-16,arvin
Kazzimierz_Kazzimierz_,13m 10s 680ms,12m 48s 500ms,1.16,1.16.1,Easy,F3,2021-04-12,Kazzimierz_
pluginLpluginL,12m 57s 390ms,12m 53s 850ms,1.16,1.16.1,Easy,F3,2021-03-05,pluginL
LewdHamsterLewdHamster,13m 05s 333ms,12m 54s 958ms,1.16,1.16.1,Easy,F3,2021-04-10,LewdHamster
TarqetedTarqeted,13m 22s 867ms,12m 57s 833ms,1.16,1.16.1,Normal,F3,2021-04-17,Tarqeted
KajawKajaw,13m 12s 085ms,13m 00s 030ms,1.16,1.16.1,Easy,F3,2021-05-26,Kajaw
ItsToshioItsToshio,13m 00s 450ms,13m 00s 350ms,1.16,1.16.1,Easy,F3,2021-05-25,ItsToshio
RhoxRhox,13m 00s 790ms,13m 00s 400ms,1.16,1.16.1,Easy,F3,2021-04-25,Rhox
AnakanAnakan,13m 14s 080ms,13m 00s 950ms,1.16,1.16.1,Easy,F3,2021-04-24,Anakan
Astro89Astro89,13m 04s 100ms,13m 03s 800ms,1.16,1.16.1,Easy,F3,2021-04-29,Astro89
QeRasTQeRasT,13m 12s 060ms,13m 04s 090ms,1.16,1.16.1,Easy,F3,2021-05-23,QeRasT
dreamer1002dreamer1002,13m 15s 470ms,13m 06s 900ms,1.16,1.16.1,Easy,F3,2021-04-03,dreamer1002
Doublen777Doublen777,13m 19s 167ms,13m 09s 400ms,1.16,1.16.1,Easy,F3,2021-04-10,Doublen777
SkotosSkotos,13m 12s 167ms,13m 09s 600ms,1.16,1.16.1,Easy,F3,2021-04-11,Skotos
MissionToTheLootMissionToTheLoot,13m 12s 567ms,13m 09s 733ms,1.16,1.16.1,Easy,F3,2021-03-18,MissionToTheLoot
TheCrylkTheCrylk,13m 24s 005ms,13m 11s 040ms,1.16,1.16.1,Easy,F3,2021-05-12,TheCrylk
GeloTheGreatestGeloTheGreatest,13m 38s 300ms,13m 12s 300ms,1.16,1.16.1,Easy,F3,2021-04-03,GeloTheGreatest
LautroArgLautroArg,13m 21s,13m 14s,1.16,1.16.1,Easy,F3,2021-06-01,LautroArg
PigguPiggu,13m 15s,13m 16s 065ms,1.16,1.16.1,Easy,F3,2021-05-25,Piggu
floonffloonf,13m 20s 720ms,13m 16s 500ms,1.16,1.16.1,Easy,F3,2021-05-02,floonf
Zapdos123_BruhkharZapdos123_Bruhkhar,13m 26s 767ms,13m 17s 200ms,1.16,1.16.1,Easy,F3,2021-05-11,Zapdos123_Bruhkhar
randomnin7randomnin7,13m 19s 880ms,13m 17s 900ms,1.0,1.16.1,Normal,F3,2021-05-11,randomnin7
Tomay0Tomay0,13m 19s 030ms,13m 18s 950ms,1.16,1.16.1,Easy,F3,2021-03-27,Tomay0
jsaperjsaper,13m 25s 069ms,13m 21s 010ms,1.16,1.16.1,Easy,F3,2021-06-06,jsaper
AndronicusAOTCAndronicusAOTC,15m 55s 880ms,13m 25s 950ms,1.16,1.16.1,Easy,F3,2021-05-21,AndronicusAOTC
awedyaawedya,13m 41s 150ms,13m 26s 950ms,1.16,1.16.1,Easy,F3,2021-05-12,awedya
OpsoGOpsoG,13m 31s 041ms,13m 28s 015ms,1.16,1.16.1,Easy,F3,2021-06-08,OpsoG
gtemqgtemq,13m 36s 820ms,13m 32s 700ms,1.16,1.16.1,Easy,F3,2021-04-20,gtemq
cohencidencecohencidence,43m 53s 049ms,13m 33s 045ms,1.16,1.16.1,Easy,F3,2021-05-03,cohencidence
StefanEdekaStefanEdeka,13m 44s 100ms,13m 34s 200ms,1.16,1.16.1,Easy,F3,2021-04-25,StefanEdeka
ColerksenColerksen,13m 45s 517ms,13m 35s 167ms,1.16,1.16.1,Easy,F3,2021-04-08,Colerksen
SopelSopel,13m 36s 390ms,13m 36s 050ms,1.16,1.16.1,Easy,F3,2021-05-21,Sopel
nëonXDnëonXD,13m 44s 600ms,13m 36s 250ms,1.16,1.16.1,Easy,F3,2021-03-28,nëonXD
benchbotchbenchbotch,14m 02s,13m 37s,1.16,1.16.1,Easy,F3,2021-05-28,benchbotch
averageteencuberaverageteencuber,14m 50s 290ms,13m 37s 700ms,1.16,1.16.1,Normal,F3,2021-04-11,averageteencuber
MorganXVMorganXV,13m 57s 990ms,13m 38s 050ms,1.16,1.16.1,Normal,F3,2021-04-19,MorganXV
YetiToBeDiscoveredYetiToBeDiscovered,13m 41s 026ms,13m 39s 025ms,1.16,1.16.1,Easy,F3,2021-06-17,YetiToBeDiscovered
ruvy2000ruvy2000,13m 52s 350ms,13m 42s 534ms,1.16,1.16.1,Easy,F3,2021-04-13,ruvy2000
KonzidKonzid,13m 42s 600ms,13m 42s 600ms,1.16,1.16.1,Easy,F3,2021-06-03,Konzid
madewithmemesmadewithmemes,14m 38s 050ms,13m 44s 020ms,1.16,1.16.1,Easy,F3,2021-05-20,madewithmemes
N1ghtzN1ghtz,13m 50s 500ms,13m 45s 050ms,1.16,1.16.1,Easy,F3,2021-04-28,N1ghtz
NishProNishPro,13m 57s 600ms,13m 46s 700ms,1.16,1.16.1,Easy,F3,2021-05-16,NishPro
R0drig0_R0drig0_,13m 51s 520ms,13m 48s,1.16,1.16.1,Easy,F3,2021-05-06,R0drig0_
sumtingwng17sumtingwng17,13m 52s 580ms,13m 49s 150ms,1.16,1.16.1,Easy,F3,2021-03-08,sumtingwng17
soccerdude24663soccerdude24663,13m 55s 167ms,13m 50s 466ms,1.16,1.16.1,Easy,F3,2021-03-30,soccerdude24663
TaejonTaejon,14m 13s 930ms,13m 51s 350ms,1.16,1.16.1,Easy,F3,2021-06-13,Taejon
KajodennKajodenn,14m 01s 850ms,13m 52s 350ms,1.16,1.16.1,Easy,F3,2021-03-28,Kajodenn
kW1stkW1st,14m 03s 590ms,13m 53s 700ms,1.16,1.16.1,Easy,F3,2021-05-04,kW1st
FwishermanFwisherman,13m 54s 010ms,13m 54s 010ms,1.16,1.16.1,Easy,F3,2021-03-20,Fwisherman
GramBezEnduGramBezEndu,14m 09s 190ms,13m 56s 700ms,1.16,1.16.1,Easy,F3,2021-06-16,GramBezEndu
SamueloxoSamueloxo,13m 59s 417ms,13m 57s 167ms,1.16,1.16.1,Normal,No F3,2021-05-02,Samueloxo
JarheadHMEJarheadHME,13m 57s 370ms,13m 57s 450ms,1.16,1.16.1,Easy,F3,2021-06-02,JarheadHME
_505__505_,14m 03s 300ms,13m 57s 533ms,1.16,1.16.1,Hardcore,F3,2021-04-07,_505_
Cubing_CinematicsCubing_Cinematics,14m 07s 880ms,13m 57s 550ms,1.16,1.16.1,Easy,F3,2021-05-27,Cubing_Cinematics
Luma_Luma_,14m 12s 000ms,13m 59s 000ms,1.16,1.16.1,Easy,F3,2021-05-24,Luma_
KxpowKxpow,14m 00s,14m 00s,1.16,1.16.1,Easy,F3,2021-06-19,Kxpow
thatdude54thatdude54,14m 12s 130ms,14m 02s,1.16,1.16.1,Easy,F3,2021-05-01,thatdude54
PogsakaPogsaka,14m 02s 450ms,14m 02s 750ms,1.16,1.16.1,Easy,F3,2021-03-14,Pogsaka
AlexMCSRAlexMCSR,14m 02s 850ms,14m 02s 850ms,1.16,1.16.1,Easy,F3,2021-04-24,AlexMCSR
FatesFates,14m 30s 920ms,14m 04s 400ms,1.16,1.16.1,Easy,F3,2021-06-09,Fates
EyeballEyeball,14m 11s 333ms,14m 08s 967ms,1.16,1.16.1,Normal,No F3,2021-04-18,Eyeball
NoamMKWNoamMKW,14m 14s 400ms,14m 09s 900ms,1.16,1.16.1,Easy,F3,2021-05-17,NoamMKW
Gork_YorchataGork_Yorchata,14m 21s 048ms,14m 12s 095ms,1.16,1.16.1,Normal,F3,2021-06-05,Gork_Yorchata
Drokzz_Drokzz_,14m 16s 300ms,14m 12s 533ms,1.16,1.16.1,Easy,F3,2021-04-17,Drokzz_
TheGrindGodTheGrindGod,15m 07s 069ms,14m 17s,1.16,1.16.1,Easy,F3,2021-05-19,TheGrindGod
VenDaX97VenDaX97,14m 29s 000ms,14m 18s 000ms,1.16,1.16.1,Easy,F3,2021-04-18,VenDaX97
OdogsterOdogster,14m 24s 910ms,14m 19s 450ms,1.16,1.16.1,Easy,F3,2021-05-05,Odogster
LuxikLuxik,14m 32s 533ms,14m 20s 083ms,1.16,1.16.1,Easy,F3,2021-04-07,Luxik
nitsujustinnitsujustin,14m 38s 300ms,14m 20s 400ms,1.16,1.16.1,Easy,F3,2021-04-05,nitsujustin
JetroJetro,14m 25s 075ms,14m 21s 030ms,1.6,1.16.1,Easy,F3,2021-06-13,Jetro
Chaosflo44Chaosflo44,14m 35s 470ms,14m 21s 600ms,1.16,1.16.1,Easy,F3,2021-03-27,Chaosflo44
Galaxy17Galaxy17,14m 22s 540ms,14m 21s 800ms,1.16,1.16.1,Easy,F3,2021-04-20,Galaxy17
clartclart,14m 28s 950ms,14m 22s,1.16,1.16.1,Easy,F3,2021-04-15,clart
BlueeeBlueee,14m 35s 810ms,14m 23s 600ms,1.16,1.16.1,Normal,F3,2021-05-21,Blueee
SplatmanWasTakenSplatmanWasTaken,14m 24s 088ms,14m 24s 088ms,1.16,1.16.1,Easy,F3,2021-06-12,SplatmanWasTaken
KozabyteKozabyte,14m 25s 810ms,14m 26s 100ms,1.16,1.16.1,Easy,F3,2021-04-11,Kozabyte
autuautu,14m 33s 048ms,14m 28s,1.16,1.16.1,Easy,F3,2021-04-17,autu
SkitekSkitek,14m 40s 850ms,14m 29s 350ms,1.16,1.16.1,Easy,F3,2021-03-18,Skitek
LlewvLlewv,14m 36s 833ms,14m 30s 200ms,1.16,1.16.1,Easy,F3,2021-04-19,Llewv
SergioWottSergioWott,14m 34s 267ms,14m 33s 250ms,1.16,1.16.1,Easy,F3,2021-04-10,SergioWott
empsemps,14m 56s,14m 33s 600ms,1.16,1.16.1,Easy,F3,2021-05-31,emps
PsemcoviciPsemcovici,14m 46s 920ms,14m 34s 350ms,1.16,1.16.1,Normal,F3,2021-06-16,Psemcovici
tinsoningtinsoning,14m 53s 183ms,14m 36s 800ms,1.16,1.16.1,Easy,F3,2021-05-15,tinsoning
LucPerecOgurecLucPerecOgurec,14m 52s 683ms,14m 39s 950ms,1.16,1.16.1,Hardcore,F3,2021-04-01,LucPerecOgurec
fivekruegersfivekruegers,14m 43s 700ms,14m 42s 800ms,1.16,1.16.1,Normal,F3,2021-04-14,fivekruegers
LKiyoLKiyo,15m 21s 400ms,14m 44s,1.16,1.16.1,Easy,F3,2021-05-21,LKiyo
tobeeetobeee,15m 00s 400ms,14m 45s,1.16,1.16.1,Easy,F3,2021-05-19,tobeee
MilancheMilanche,14m 45s 405ms,14m 45s 350ms,1.16,1.16.1,Easy,F3,2021-05-04,Milanche
GalogGalog,14m 51s 070ms,14m 45s 900ms,1.16,1.16.1,Easy,F3,2021-04-11,Galog
DanDannyBoyDanDannyBoy,15m 04s 700ms,14m 48s 833ms,1.16,1.16.1,Easy,F3,2021-03-30,DanDannyBoy
polp7polp7,14m 52s 072ms,14m 52s 075ms,1.16,1.16.1,Easy,F3,2021-06-01,polp7
speedsilverrspeedsilverr,14m 55s 079ms,14m 53s 085ms,1.16,1.16.1,Normal,F3,2021-05-23,speedsilverr
WaluyoshiWaluyoshi,15m 07s 240ms,14m 53s 200ms,1.16,1.16.1,Easy,F3,2021-04-19,Waluyoshi
AuntSnailAuntSnail,15m 02s 070ms,14m 57s,1.16,1.16.1,Normal,F3,2021-05-20,AuntSnail
Landslide88Landslide88,15m 02s 210ms,14m 57s 267ms,1.16,1.16.1,Easy,F3,2021-02-23,Landslide88
marinersfan824marinersfan824,15m 05s 834ms,14m 57s 600ms,1.16,1.16.1,Easy,F3,2021-05-05,marinersfan824
Mahmoud390Mahmoud390,15m 27s 400ms,14m 58s 300ms,1.16,1.16.1,Easy,F3,2021-06-15,Mahmoud390
TrustIssuesTrustIssues,15m 09s 117ms,15m 02s 050ms,1.16,1.16.1,Easy,F3,2021-04-29,TrustIssues
QwertyupoilpQwertyupoilp,,15m 03s,1.16,1.16.1,Easy,F3,2021-05-11,Qwertyupoilp
mrhalfmrhalf,15m 14s 200ms,15m 04s 050ms,1.16,1.16.1,Easy,F3,2021-04-22,mrhalf
BabolixPLBabolixPL,15m 12s 470ms,15m 07s 350ms,1.16,1.16.1,Normal,F3,2021-03-23,BabolixPL
jwormjworm,15m 12s 017ms,15m 10s 050ms,1.16,1.16.1,Easy,F3,2021-04-08,jworm
GellatoGellato,15m 11s,15m 11s,1.16,1.16.1,Easy,F3,2021-04-23,Gellato
MarmeyMarmey,15m 12s 440ms,15m 12s 750ms,1.16,1.16.1,Easy,F3,2021-04-16,Marmey
LaRuimLaRuim,15m 44s 090ms,15m 16s 050ms,1.16,1.16.1,Easy,F3,2021-03-31,LaRuim
KaiFi007KaiFi007,15m 32s 500ms,15m 22s 150ms,1.16,1.16.1,Easy,F3,2021-05-14,KaiFi007
SammyGSammyG,15m 34s,15m 23s,1.16,1.16.1,Normal,F3,2021-06-17,SammyG
dappersdappers,15m 24s 740ms,15m 24s 150ms,1.16,1.16.1,Normal,F3,2021-03-29,dappers
wenliangwenliang,15m 30s 850ms,15m 30s 400ms,1.16,1.16.1,Normal,F3,2021-04-11,wenliang
TynoconiaTynoconia,15m 42s,15m 38s 400ms,1.16,1.16.1,Easy,F3,2021-06-05,Tynoconia
DoWiiiiDoWiiii,16m 04s 730ms,15m 42s 250ms,1.16,1.16.1,Easy,F3,2021-04-16,DoWiiii
MouseyPCMouseyPC,15m 50s 420ms,15m 42s 800ms,1.16,1.16.1,Easy,F3,2021-05-04,MouseyPC
KenForestKenForest,15m 46s 133ms,15m 43s 533ms,1.16,1.16.1,Easy,F3,2021-04-14,KenForest
GamerKhanGamerKhan,16m 02s 300ms,15m 45s 650ms,1.16,1.16.1,Easy,F3,2021-04-21,GamerKhan
ShadowReSShadowReS,15m 46s 780ms,15m 47s,1.16,1.16.1,Easy,F3,2021-03-22,ShadowReS
TheBeanManYTTheBeanManYT,15m 58s 005ms,15m 48s 075ms,1.16,1.16.1,Easy,F3,2021-04-22,TheBeanManYT
ForykehForykeh,15m 49s 570ms,15m 48s 750ms,1.16,1.16.1,Easy,F3,2021-06-11,Forykeh
CannalystCannalyst,15m 49s 068ms,15m 49s 095ms,1.16,1.16.1,Easy,F3,2021-05-29,Cannalyst
RildomRildom,15m 52s 530ms,15m 50s 550ms,1.16,1.16.1,Easy,F3,2021-03-18,Rildom
MyricalMyrical,15m 53s 840ms,15m 52s 400ms,1.16,1.16.1,Easy,F3,2021-03-24,Myrical
PurplePython01PurplePython01,15m 58s 001ms,15m 57s 088ms,1.16,1.16.1,Normal,F3,2021-05-30,PurplePython01
Thananiel_Thananiel_,16m 02s 180ms,15m 59s 950ms,1.16,1.16.1,Easy,F3,2021-02-21,Thananiel_
-JRD--JRD-,16m 20s 000ms,16m 02s 000ms,1.16,1.16.1,Easy,F3,2021-04-29,-JRD-
mralanmanmralanman,16m 06s 044ms,16m 04s 035ms,1.16,1.16.1,Easy,F3,2021-05-11,mralanman
ClimbingSum34ClimbingSum34,16m 15s 300ms,16m 05s,1.16,1.16.1,Easy,F3,2021-05-16,ClimbingSum34
MegaKoeMegaKoe,16m 14s 040ms,16m 06s 550ms,1.16,1.16.1,Normal,F3,2021-05-04,MegaKoe
Alex_202Alex_202,16m 09s 014ms,16m 09s 065ms,1.16,1.16.1,Normal,F3,2021-05-24,Alex_202
Zakko_Zakko_,16m 22s,16m 15s 650ms,1.16,1.16.1,Normal,F3,2021-05-13,Zakko_
pistaciumpistacium,16m 31s 869ms,16m 19s 050ms,1.16,1.16.1,Easy,F3,2021-06-14,pistacium
ElRichiElRichi,16m 25s 650ms,16m 19s 900ms,1.16,1.16.1,Easy,F3,2021-03-13,ElRichi
ADANDOCADANDOC,16m 27s 620ms,16m 27s 950ms,1.16,1.16.1,Normal,F3,2021-03-03,ADANDOC
ricikk_ricikk_,16m 29s 250ms,16m 29s 250ms,1.16,1.16.1,Easy,F3,2021-04-12,ricikk_
MithilMithil,17m 06s 470ms,16m 30s 350ms,1.0,1.16.1,Easy,F3,2021-06-14,Mithil
bepz64bepz64,16m 38s 003ms,16m 31s 065ms,1.16,1.16.1,Easy,F3,2021-05-31,bepz64
BesaliskBesalisk,16m 57s 043ms,16m 31s 085ms,1.16,1.16.1,Easy,F3,2021-05-08,Besalisk
Astro_The_DogAstro_The_Dog,16m 52s 080ms,16m 35s 950ms,1.16,1.16.1,Easy,F3,2021-03-22,Astro_The_Dog
temp_gdtemp_gd,16m 42s 970ms,16m 36s 550ms,1.16,1.16.1,Easy,F3,2021-02-15,temp_gd
gorgazgorgaz,17m 19s 032ms,16m 38s 040ms,1.16,1.16.1,Easy,F3,2021-05-10,gorgaz
lepmislepmis,17m 00s 680ms,16m 38s 150ms,1.16,1.16.1,Easy,F3,2021-06-15,lepmis
baharatbishbaharatbish,16m 40s 060ms,16m 41s 005ms,1.16,1.16.1,Easy,F3,2021-06-13,baharatbish
salt___ysalt___y,16m 41s 580ms,16m 41s 600ms,1.16,1.16.1,Easy,F3,2021-03-16,salt___y
ThatGuyNGThatGuyNG,16m 43s 960ms,16m 43s 500ms,1.16,1.16.1,Easy,F3,2021-03-29,ThatGuyNG
Sienki138Sienki138,16m 55s 100ms,16m 46s 900ms,1.16,1.16.1,Normal,F3,2021-03-24,Sienki138
duoduoduoduo,16m 49s 026ms,16m 47s 050ms,1.16,1.16.1,Easy,F3,2021-05-03,duoduo
AethonaAethona,16m 53s 290ms,16m 47s 600ms,1.16,1.16.1,Normal,F3,2021-03-19,Aethona
BreizhaBreizha,16m 58s 890ms,16m 53s 550ms,1.16,1.16.1,Easy,F3,2021-04-11,Breizha
mozzarella_boymozzarella_boy,17m 10s 250ms,16m 54s 500ms,1.16,1.16.1,Easy,F3,2021-05-18,mozzarella_boy
ypno_nyypno_ny,16m 56s 080ms,16m 56s 100ms,1.16,1.16.1,Easy,F3,2021-03-23,ypno_ny
HIHIEHIHIE,17m 23s 018ms,16m 57s,1.16,1.16.1,Easy,F3,2021-05-21,HIHIE
ezraoctopusezraoctopus,17m 24s 450ms,16m 59s 650ms,1.16,1.16.1,Easy,F3,2021-05-18,ezraoctopus
computerkid17computerkid17,17m 06s 790ms,17m 02s 300ms,1.16,1.16.1,Easy,F3,2021-06-03,computerkid17
AeroshideAeroshide,17m 16s 820ms,17m 05s 200ms,1.16,1.16.1,Normal,F3,2021-03-30,Aeroshide
FlaitasticFlaitastic,17m 44s 730ms,17m 06s 640ms,1.16,1.16.1,Easy,F3,2021-04-10,Flaitastic
Ziten142857Ziten142857,17m 25s 530ms,17m 07s 700ms,1.16,1.16.1,Easy,F3,2021-05-30,Ziten142857
AmcclmdmAmcclmdm,17m 14s 083ms,17m 10s 020ms,1.16,1.16.1,Easy,F3,2021-05-08,Amcclmdm
bbq123bbq123,17m 30s,17m 17s,1.16,1.16.1,Easy,F3,2021-05-25,bbq123
sebeq98765sebeq98765,20m 12s 030ms,17m 17s 015ms,1.16,1.16.1,Normal,F3,2021-05-20,sebeq98765
FirdenFirden,17m 29s 016ms,17m 18s 065ms,1.16,1.16.1,Easy,F3,2021-05-11,Firden
AtomickalelAtomickalel,17m 32s 910ms,17m 24s 850ms,1.16,1.16.1,Easy,F3,2021-03-12,Atomickalel
eSeagulleSeagull,17m 25s 768ms,17m 25s 768ms,1.0,1.16.1,Easy,F3,2021-05-14,eSeagull
Wadduh_Wadduh_,17m 20s 056ms,17m 26s 030ms,1.16,1.16.1,Easy,F3,2021-06-12,Wadduh_
Paperpal9Paperpal9,17m 43s,17m 30s 040ms,1.16,1.16.1,Easy,F3,2021-06-11,Paperpal9
gustav2649gustav2649,18m 02s 990ms,17m 30s 500ms,1.0,1.16.1,Easy,F3,2021-04-04,gustav2649
SnakezySnakezy,17m 49s 770ms,17m 40s 833ms,1.16,1.16.1,Normal,F3,2021-03-08,Snakezy
1Marky1Marky,18m 02s 088ms,17m 41s 020ms,1.16,1.16.1,Easy,F3,2021-05-07,1Marky
Lukaspvp100Lukaspvp100,18m 22s 250ms,17m 44s 750ms,1.16,1.16.1,Easy,F3,2021-05-19,Lukaspvp100
EarthinEarthin,19m 21s 733ms,17m 46s 500ms,1.16,1.16.1,Easy,No F3,2021-04-08,Earthin
_Lefi_Lefi,17m 57s 810ms,17m 54s 800ms,1.16,1.16.1,Normal,F3,2021-03-21,_Lefi
sw2gsw2g,18m 00s 433ms,17m 55s 350ms,1.16,1.16.1,Easy,F3,2021-05-02,sw2g
ACHM3DACHM3D,17m 56s 010ms,17m 55s 700ms,1.0,1.16.1,Easy,No F3,2021-03-12,ACHM3D
LexanLexan,17m 58s 076ms,17m 57s 035ms,1.16,1.16.1,Easy,F3,2021-05-02,Lexan
IvanLeGuyIvanLeGuy,18m 37s 280ms,17m 57s 250ms,1.16,1.16.1,Easy,F3,2021-04-29,IvanLeGuy
L3w15L3w15,17m 58s 048ms,17m 57s 600ms,1.16,1.16.1,Easy,F3,2021-03-17,L3w15
rookerirookeri,18m 25s,18m 03s,1.16,1.16.1,Easy,F3,2021-05-19,rookeri
ClickyMaxClickyMax,18m 25s 860ms,18m 05s 250ms,1.16,1.16.1,Easy,F3,2021-05-21,ClickyMax
excambawexcambaw,18m 10s 433ms,18m 06s 250ms,1.16,1.16.1,Easy,F3,2021-04-08,excambaw
_LISA__LISA_,18m 10s,18m 10s,1.16,1.16.1,Easy,F3,2021-06-04,_LISA_
AdvaitAdvait,18m 39s 004ms,18m 18s 065ms,1.16,1.16.1,Easy,F3,2021-05-03,Advait
HashtenHashten,18m 24s 580ms,18m 18s 433ms,1.16,1.16.1,Easy,F3,2021-03-06,Hashten
SmalltankfoxSmalltankfox,18m 24s 020ms,18m 18s 700ms,1.16,1.16.1,Normal,F3,2021-04-17,Smalltankfox
RitroRitro,18m 24s 750ms,18m 24s 290ms,1.16,1.16.1,Easy,F3,2021-04-19,Ritro
BasketMaster21BasketMaster21,18m 28s 560ms,18m 27s 900ms,1.16,1.16.1,Easy,F3,2021-04-11,BasketMaster21
MoerinoMoerino,18m 43s 060ms,18m 34s 700ms,1.16,1.16.1,Normal,F3,2021-03-14,Moerino
CreppcrafterCreppcrafter,18m 41s 099ms,18m 34s 834ms,1.16,1.16.1,Easy,F3,2021-02-22,Creppcrafter
fionnuar_fionnuar_,18m 41s 690ms,18m 39s 700ms,1.16,1.16.1,Easy,F3,2021-03-28,fionnuar_
hadas_2115hadas_2115,18m 50s,18m 45s,1.16,1.16.1,Normal,F3,2021-05-19,hadas_2115
XtraCheezBurgerXtraCheezBurger,18m 49s 008ms,18m 45s 015ms,1.16,1.16.1,Normal,F3,2021-05-09,XtraCheezBurger
SpIashSpIash,18m 48s 810ms,18m 46s 500ms,1.16,1.16.1,Easy,F3,2021-03-30,SpIash
RRed_RRed_,19m 17s 026ms,18m 48s 040ms,1.16,1.16.1,Normal,F3,2021-05-13,RRed_
leonarilleonaril,18m 59s 110ms,18m 49s,1.16,1.16.1,Easy,F3,2021-03-31,leonaril
rayahrayah,19m 22s,18m 54s,1.16,1.16.1,Easy,F3,2021-06-05,rayah
TriggerlyTriggerly,19m 12s 069ms,18m 57s 088ms,1.16,1.16.1,Normal,F3,2021-04-17,Triggerly
kvlikekvlike,19m 44s 960ms,18m 59s 200ms,1.16,1.16.1,Normal,F3,2021-03-23,kvlike
Ozi_MauthnerGHGOzi_MauthnerGHG,19m 17s 120ms,19m 01s 650ms,1.16,1.16.1,Normal,F3,2021-04-04,Ozi_MauthnerGHG
daniel_xpdaniel_xp,19m 43s 080ms,19m 13s 700ms,1.16,1.16.1,Normal,F3,2021-04-01,daniel_xp
Daniel_JayyDaniel_Jayy,19m 33s 038ms,19m 18s 055ms,1.16,1.16.1,Easy,F3,2021-05-25,Daniel_Jayy
ZitmaGamingZitmaGaming,19m 48s 800ms,19m 20s 450ms,1.16,1.16.1,Easy,F3,2021-06-06,ZitmaGaming
SqeedysSqeedys,21m 32s,19m 21s,1.16,1.16.1,Easy,F3,2021-05-02,Sqeedys
CopesenCopesen,19m 44s 630ms,19m 21s 267ms,1.16,1.16.1,Easy,F3,2021-04-12,Copesen
NoJu_NoJu_,19m 23s 840ms,19m 21s 300ms,1.16,1.16.1,Normal,F3,2021-03-25,NoJu_
GrieflessGriefless,,19m 22s 800ms,1.0,1.16.1,Easy,F3,2021-06-06,Griefless
sanfaranssanfarans,19m 56s 300ms,19m 24s 600ms,1.16,1.16.1,Easy,F3,2021-04-04,sanfarans
TheJumpingFlameTheJumpingFlame,19m 25s 770ms,19m 25s 770ms,1.0,1.16.1,Easy,F3,2021-05-30,TheJumpingFlame
ApaloGamingApaloGaming,19m 31s 004ms,19m 26s 005ms,1.16,1.16.1,Easy,F3,2021-05-02,ApaloGaming
BestWelSaddigBestWelSaddig,19m 28s 190ms,19m 28s 050ms,1.16,1.16.1,Easy,F3,2021-03-31,BestWelSaddig
xX_NazgulPvP_XxxX_NazgulPvP_Xx,19m 45s 617ms,19m 29s 050ms,1.16,1.16.1,Normal,F3,2021-04-14,xX_NazgulPvP_Xx
VqnadiumVqnadium,19m 58s 300ms,19m 31s 950ms,1.16,1.16.1,Normal,No F3,2021-03-21,Vqnadium
tsurutsuru,19m 53s 970ms,19m 35s 050ms,1.16,1.16.1,Easy,F3,2021-04-10,tsuru
bpigebpige,20m 47s 320ms,19m 45s 550ms,1.16,1.16.1,Easy,F3,2021-04-21,bpige
TheticFobTheticFob,19m 57s 850ms,19m 50s 660ms,1.16,1.16.1,Easy,F3,2021-05-12,TheticFob
andemuandemu,19m 59s 970ms,19m 52s 733ms,1.16,1.16.1,Normal,F3,2021-03-01,andemu
TeddisonTeddison,19m 57s 067ms,19m 53s 030ms,1.16,1.16.1,Easy,F3,2021-06-16,Teddison
postit2000postit2000,20m 01s 480ms,19m 57s 400ms,1.0,1.16.1,Easy,F3,2021-04-23,postit2000
CodedShadowCodedShadow,20m 03s,19m 58s 200ms,1.16,1.16.1,Normal,F3,2021-02-20,CodedShadow
TheSwampleTheSwample,20m 29s,20m 03s,1.16,1.16.1,Easy,F3,2021-05-09,TheSwample
Robert1Robert1,19m 58s 150ms,20m 04s 267ms,1.16,1.16.1,Easy,F3,2021-03-05,Robert1
Aja68Aja68,20m 10s 035ms,20m 07s 073ms,1.16,1.16.1,Easy,F3,2021-06-05,Aja68
DFP_n1k0_DFP_n1k0_,20m 20s,20m 09s 080ms,1.16,1.16.1,Easy,F3,2021-05-17,DFP_n1k0_
FrankkuFrankku,21m 27s 030ms,20m 16s 085ms,1.16,1.16.1,Easy,F3,2021-03-14,Frankku
MWP2000MWP2000,20m 27s 086ms,20m 23s 015ms,1.16,1.16.1,Easy,F3,2021-03-31,MWP2000
HaooyHaooy,20m 27s 820ms,20m 25s 300ms,1.0,1.16.1,Normal,F3,2021-02-23,Haooy
SolidPiggySolidPiggy,20m 35s 004ms,20m 27s 009ms,1.16,1.16.1,Normal,F3,2021-05-13,SolidPiggy
AleeeeexisYKAleeeeexisYK,20m 59s 038ms,20m 29s 034ms,1.16,1.16.1,Easy,F3,2021-06-14,AleeeeexisYK
czmnczmn,21m 49s 680ms,20m 48s 800ms,1.16,1.16.1,Easy,F3,2021-06-22,czmn
HishfishHishfish,21m 14s 286ms,21m 06s 050ms,1.16,1.16.1,Easy,F3,2021-02-27,Hishfish
ElephEleph,21m 39s 267ms,21m 06s 600ms,1.16,1.16.1,Easy,F3,2021-03-28,Eleph
DjscipleDjsciple,21m 43s 030ms,21m 30s 065ms,1.16,1.16.1,Easy,F3,2021-05-03,Djsciple
NTklkNTklk,21m 55s 041ms,21m 40s 065ms,1.16,1.16.1,Normal,F3,2021-03-18,NTklk
PondMinerPondMiner,22m 25s 550ms,21m 46s 500ms,1.16,1.16.1,Easy,F3,2021-03-16,PondMiner
TannerThanhTannerThanh,21m 54s 016ms,21m 47s 020ms,1.0,1.16.1,Easy,F3,2021-03-28,TannerThanh
RandomSpeedrunnerRandomSpeedrunner,22m 05s 002ms,21m 55s 095ms,1.16,1.16.1,Normal,F3,2021-03-01,RandomSpeedrunner
q_s_101q_s_101,22m 00s,22m 00s,1.16,1.16.1,Easy,F3,2021-06-12,q_s_101
Booster12389Booster12389,22m 25s 058ms,22m 06s 068ms,1.16,1.16.1,Easy,F3,2021-05-06,Booster12389
S0GGYJ0HNS0NS0GGYJ0HNS0N,22m 24s 091ms,22m 23s 085ms,1.16,1.16.1,Easy,F3,2021-05-07,S0GGYJ0HNS0N
LarryJonesLarryJones,23m 01s 610ms,22m 32s,1.16,1.16.1,Easy,F3,2021-04-05,LarryJones
Ripple_1Ripple_1,22m 37s 650ms,22m 36s 300ms,1.16,1.16.1,Normal,F3,2021-04-13,Ripple_1
BinkisaurBinkisaur,22m 41s 633ms,22m 38s 800ms,1.16,1.16.1,Easy,F3,2021-04-30,Binkisaur
SINQSINQ,23m 24s 009ms,22m 39s 070ms,1.16,1.16.1,Easy,F3,2021-05-14,SINQ
redspecredspec,23m 28s,22m 44s,1.16,1.16.1,Easy,F3,2021-06-08,redspec
karli_kolumbus09karli_kolumbus09,23m 04s 290ms,22m 52s 100ms,1.16,1.16.1,Normal,F3,2021-04-15,karli_kolumbus09
PJOTERHDPJOTERHD,22m 58s 290ms,22m 52s 300ms,1.16,1.16.1,Easy,F3,2021-04-05,PJOTERHD
SantetramSantetram,22m 57s,22m 57s,1.16,1.16.1,Easy,F3,2021-04-17,Santetram
FachowiecFachowiec,22m 59s 010ms,22m 59s 010ms,1.16,1.16.1,Normal,F3,2021-03-02,Fachowiec
JawoJawo,23m 07s,23m 07s,1.16,1.16.1,Easy,F3,2021-04-23,Jawo
SteadStead,23m 26s 970ms,23m 25s 100ms,1.16,1.16.1,Easy,F3,2021-04-09,Stead
LoukandriosLoukandrios,23m 51s 020ms,23m 29s 350ms,1.16,1.16.1,Easy,F3,2021-03-19,Loukandrios
TenteProTentePro,23m 41s 990ms,23m 41s 600ms,1.16,1.16.1,Easy,F3,2021-04-11,TentePro
Shantastic93Shantastic93,24m 10s 120ms,23m 45s,1.16,1.16.1,Easy,F3,2021-05-14,Shantastic93
BigMonkBigMonk,23m 58s 940ms,23m 46s 750ms,1.16,1.16.1,Easy,F3,2021-04-23,BigMonk
EliTheGuy245EliTheGuy245,23m 47s 200ms,23m 47s 067ms,1.16,1.16.1,Easy,F3,2021-05-16,EliTheGuy245
ZombuseZombuse,24m 14s 180ms,23m 59s 350ms,1.16,1.16.1,Easy,F3,2021-04-12,Zombuse
RoiCouscousRoiCouscous,27m 00s 900ms,24m 08s 350ms,1.16,1.16.1,Easy,F3,2021-04-19,RoiCouscous
MarekTBSMarekTBS,24m 47s 043ms,24m 10s 030ms,1.16,1.16.1,Normal,F3,2021-04-24,MarekTBS
Jirka_CZ25Jirka_CZ25,24m 18s 740ms,24m 18s 740ms,1.16,1.16.1,Normal,F3,2021-03-03,Jirka_CZ25
Ran9er5Ran9er5,24m 37s 180ms,24m 21s 450ms,1.16,1.16.1,Normal,F3,2021-04-16,Ran9er5
qraqqraq,23m 42s 050ms,24m 29s,1.16,1.16.1,Easy,F3,2021-03-26,qraq
MunkeyVisionMunkeyVision,24m 42s 510ms,24m 30s 150ms,1.16,1.16.1,Easy,F3,2021-05-16,MunkeyVision
IntracloudIntracloud,24m 53s 290ms,24m 39s 500ms,1.16,1.16.1,Easy,F3,2021-04-16,Intracloud
OddFlexButOkOddFlexButOk,29m 56s 360ms,24m 47s 800ms,1.16,1.16.1,Easy,F3,2021-05-17,OddFlexButOk
S14AIRS14AIR,24m 56s 780ms,24m 56s 750ms,1.16,1.16.1,Easy,F3,2021-03-28,S14AIR
Iggy_gavrilovic41Iggy_gavrilovic41,25m 25s 960ms,25m 09s 200ms,1.16,1.16.1,Easy,F3,2021-04-12,Iggy_gavrilovic41
TolinnTolinn,25m 27s 900ms,25m 16s 500ms,1.16,1.16.1,Easy,F3,2021-03-08,Tolinn
kolegaoliwierkolegaoliwier,25m 40s 530ms,25m 22s 600ms,1.16,1.16.1,Normal,F3,2021-03-01,kolegaoliwier
AceLightning63AceLightning63,25m 50s 470ms,25m 34s 250ms,1.16,1.16.1,Easy,F3,2021-03-01,AceLightning63
tootToot2tootToot2,28m 46s 029ms,25m 35s 055ms,1.16,1.16.1,Easy,F3,2021-05-09,tootToot2
TheBigSpookyTheBigSpooky,25m 49s 060ms,25m 37s 020ms,1.16,1.16.1,Easy,F3,2021-03-19,TheBigSpooky
SyelentSyelent,25m 39s 830ms,25m 40s 300ms,1.16,1.16.1,Easy,F3,2021-03-14,Syelent
doodoodingodoodoodingo,25m 51s 000ms,25m 51s 000ms,1.16,1.16.1,Easy,F3,2021-06-12,doodoodingo
Mythic945Mythic945,26m 38s 583ms,25m 58s 850ms,1.16,1.16.1,Normal,F3,2021-03-26,Mythic945
ZaphewZaphew,26m 08s 910ms,26m 04s 600ms,1.16,1.16.1,Easy,F3,2021-04-09,Zaphew
DartDart,26m 10s 500ms,26m 05s 567ms,1.16,1.16.1,Easy,F3,2021-04-03,Dart
bookeyboi_bookeyboi_,26m 30s 022ms,26m 14s 030ms,1.16,1.16.1,Normal,F3,2021-06-14,bookeyboi_
Falso_SimpFalso_Simp,26m 43s 550ms,26m 30s 600ms,1.16,1.16.1,Easy,F3,2021-05-29,Falso_Simp
AaldorabiAaldorabi,,26m 41s 015ms,1.16,1.16.1,Easy,F3,2021-05-01,Aaldorabi
YoulQeyYoulQey,27m 07s 007ms,26m 57s 005ms,1.16,1.16.1,Easy,F3,2021-05-13,YoulQey
DElyMythDElyMyth,27m 13s 670ms,27m 13s 800ms,1.16,1.16.1,Easy,F3,2021-04-30,DElyMyth
isCrazyDice_unluckyisCrazyDice_unlucky,28m 01s,27m 15s 800ms,1.16,1.16.1,Easy,F3,2021-05-03,isCrazyDice_unlucky
FunDaOneFunDaOne,27m 28s 600ms,27m 16s 450ms,1.16,1.16.1,Easy,F3,2021-03-19,FunDaOne
TonmaiiiTonmaiii,28m 01s 280ms,27m 26s 050ms,1.16,1.16.1,Easy,F3,2021-04-16,Tonmaiii
AabhasDangerAabhasDanger,28m 16s 590ms,27m 26s 550ms,1.16,1.16.1,Easy,F3,2021-03-25,AabhasDanger
FlawlessDiamondFlawlessDiamond,27m 32s 040ms,27m 27s 850ms,1.16,1.16.1,Easy,F3,2021-03-11,FlawlessDiamond
KlownBirusHDXKlownBirusHDX,27m 59s 450ms,27m 34s 150ms,1.16,1.16.1,Easy,F3,2021-05-19,KlownBirusHDX
BruhsaltBruhsalt,28m 29s 083ms,27m 39s 350ms,1.16,1.16.1,Normal,F3,2021-03-13,Bruhsalt
lodilooplodiloop,27m 42s,27m 40s,1.16,1.16.1,Easy,F3,2021-05-08,lodiloop
RyAndGavRyAndGav,29m 26s 680ms,27m 42s 600ms,1.16,1.16.1,Easy,F3,2021-03-16,RyAndGav
shin3zshin3z,30m 20s 018ms,28m 29s 030ms,1.16,1.16.1,Easy,F3,2021-03-24,shin3z
BhuvBhuv,28m 40s 000ms,28m 35s 000ms,1.16,1.16.1,Easy,F3,2021-03-16,Bhuv
BonifaxBonifax,28m 51s 055ms,28m 41s 074ms,1.16,1.16.1,Normal,F3,2021-02-27,Bonifax
jajefanjajefan,28m 48s 037ms,28m 45s 035ms,1.16,1.16.1,Easy,F3,2021-05-22,jajefan
PebeteDeSamePebeteDeSame,29m 14s 150ms,28m 46s 500ms,1.16,1.16.1,Normal,F3,2021-04-01,PebeteDeSame
GoatownGoatown,28m 56s,28m 52s 095ms,1.16,1.16.1,Easy,F3,2021-05-07,Goatown
4dot44dot4,29m 19s,28m 55s 045ms,1.16,1.16.1,Easy,F3,2021-06-17,4dot4
Da76ithGrieferXDa76ithGrieferX,29m 03s 790ms,29m 03s 400ms,1.16,1.16.1,Normal,F3,2021-03-01,Da76ithGrieferX
treisdentesstreisdentess,29m 12s 960ms,29m 07s 100ms,1.16,1.16.1,Easy,F3,2021-03-20,treisdentess
ManulKamulManulKamul,29m 32s 057ms,29m 22s 065ms,1.16,1.16.1,Easy,F3,2021-05-20,ManulKamul
AndromedaAndromeda,31m 11s,29m 36s 800ms,1.16,1.16.1,Easy,F3,2021-05-04,Andromeda
MeguminWasTakenMeguminWasTaken,29m 41s 820ms,29m 40s 600ms,1.16,1.16.1,Easy,F3,2021-03-17,MeguminWasTaken
AxolotltvAxolotltv,30m 14s 560ms,29m 50s 650ms,1.16,1.16.1,Easy,F3,2021-04-20,Axolotltv
coloredvioletcoloredviolet,30m 31s,29m 52s 040ms,1.16,1.16.1,Easy,F3,2021-05-14,coloredviolet
DJ2470DJ2470,30m 15s 511ms,30m 04s 050ms,1.16,1.16.1,Easy,F3,2021-04-05,DJ2470
happyfaic72happyfaic72,30m 51s 000ms,30m 18s 000ms,1.16,1.16.1,Normal,F3,2021-04-22,happyfaic72
AneroTheRebornAneroTheReborn,30m 32s 038ms,30m 44s 060ms,1.16,1.16.1,Easy,F3,2021-05-09,AneroTheReborn
anuriananurian,32m 48s 470ms,32m 24s,1.16,1.16.1,Easy,F3,2021-04-17,anurian
Panic_does_speedrunsPanic_does_speedruns,33m 54s,32m 29s,1.16,1.16.1,Easy,F3,2021-05-04,Panic_does_speedruns
PenazasPenazas,32m 58s 870ms,32m 48s 100ms,1.16,1.16.1,Easy,F3,2021-04-12,Penazas
fuzbugfuzbug,33m 00s 094ms,32m 49s,1.16,1.16.1,Normal,F3,2021-02-27,fuzbug
Enwm_Enwm_,33m 59s 000ms,33m 06s 000ms,1.16,1.16.1,Hardcore,F3,2021-03-16,Enwm_
In0rkIn0rk,33m 31s 035ms,33m 10s 090ms,1.16,1.16.1,Easy,F3,2021-03-03,In0rk
Jailsongmc_01Jailsongmc_01,33m 32s 800ms,33m 22s 950ms,1.16,1.16.1,Easy,F3,2021-05-15,Jailsongmc_01
TheCANavigatorTheCANavigator,37m 59s 180ms,36m 54s 200ms,1.16,1.16.1,Easy,F3,2021-03-20,TheCANavigator
WrongoBongoWrongoBongo,39m 55s 098ms,39m 39s,1.16,1.16.1,Easy,F3,2021-05-30,WrongoBongo
Cheeser84Cheeser84,40m 16s 001ms,40m 01s 040ms,1.16,1.16.1,Easy,F3,2021-06-13,Cheeser84
noonnotsusnoonnotsus,41m 08s 059ms,41m 08s 059ms,1.16,1.16.1,Easy,F3,2021-06-06,noonnotsus
CursedOneCursedOne,41m 27s,41m 14s,1.0,1.16.1,Easy,F3,2021-03-15,CursedOne
krysoerkrysoer,42m 31s 040ms,42m 24s 600ms,1.16,1.16.1,Easy,F3,2021-03-02,krysoer
MathbookMathbook,43m 33s 930ms,43m 40s 650ms,1.16,1.16.1,Normal,F3,2021-03-20,Mathbook
shy_fryshy_fry,45m 17s 670ms,45m 17s 670ms,1.16,1.16.1,Easy,F3,2021-02-20,shy_fry
SplxxsshSplxxssh,50m 51s 033ms,49m 24s 025ms,1.16,1.16.1,Easy,F3,2021-02-20,Splxxssh
LastHelloLastHello,51m 09s 380ms,50m 08s 150ms,1.16,1.16.1,Easy,F3,2021-03-31,LastHello
AltonTealeafAltonTealeaf,52m 06s 600ms,51m 58s 600ms,1.16,1.16.1,Easy,F3,2021-02-13,AltonTealeaf
NetrotosNetrotos,54m 27s 000ms,54m 26s 000ms,1.16,1.16.1,Easy,No F3,2021-03-06,Netrotos
Ba1diBa1di,56m 31s 510ms,56m 31s 300ms,1.16,1.16.1,Easy,F3,2021-05-14,Ba1di
saltychip35saltychip35,1h 00m 14s 333ms,59m 23s,1.16,1.16.1,Easy,F3,2021-04-26,saltychip35
GoopyLeGrande1425GoopyLeGrande1425,1h 29m 04s,1h 29m 04s,1.16,1.16.1,Easy,F3,2021-02-24,GoopyLeGrande1425
